-- MySQL dump 10.13  Distrib 5.7.17, for macos10.12 (x86_64)
--
-- Host: 178.62.40.105    Database: kr
-- ------------------------------------------------------
-- Server version	5.7.22-0ubuntu0.16.04.1

/*!40101 SET @OLD_CHARACTER_SET_CLIENT=@@CHARACTER_SET_CLIENT */;
/*!40101 SET @OLD_CHARACTER_SET_RESULTS=@@CHARACTER_SET_RESULTS */;
/*!40101 SET @OLD_COLLATION_CONNECTION=@@COLLATION_CONNECTION */;
/*!40101 SET NAMES utf8 */;
/*!40103 SET @OLD_TIME_ZONE=@@TIME_ZONE */;
/*!40103 SET TIME_ZONE='+00:00' */;
/*!40014 SET @OLD_UNIQUE_CHECKS=@@UNIQUE_CHECKS, UNIQUE_CHECKS=0 */;
/*!40014 SET @OLD_FOREIGN_KEY_CHECKS=@@FOREIGN_KEY_CHECKS, FOREIGN_KEY_CHECKS=0 */;
/*!40101 SET @OLD_SQL_MODE=@@SQL_MODE, SQL_MODE='NO_AUTO_VALUE_ON_ZERO' */;
/*!40111 SET @OLD_SQL_NOTES=@@SQL_NOTES, SQL_NOTES=0 */;

--
-- Table structure for table `accountant`
--

DROP TABLE IF EXISTS `accountant`;
/*!40101 SET @saved_cs_client     = @@character_set_client */;
/*!40101 SET character_set_client = utf8 */;
CREATE TABLE `accountant` (
  `personnel_number` int(11) NOT NULL AUTO_INCREMENT,
  `fio` varchar(100) NOT NULL,
  PRIMARY KEY (`personnel_number`)
) ENGINE=InnoDB AUTO_INCREMENT=624479 DEFAULT CHARSET=utf8;
/*!40101 SET character_set_client = @saved_cs_client */;

--
-- Dumping data for table `accountant`
--

LOCK TABLES `accountant` WRITE;
/*!40000 ALTER TABLE `accountant` DISABLE KEYS */;
INSERT INTO `accountant` VALUES (624478,'Потапова Валерия Викторовна');
/*!40000 ALTER TABLE `accountant` ENABLE KEYS */;
UNLOCK TABLES;

--
-- Table structure for table `application`
--

DROP TABLE IF EXISTS `application`;
/*!40101 SET @saved_cs_client     = @@character_set_client */;
/*!40101 SET character_set_client = utf8 */;
CREATE TABLE `application` (
  `application_id` int(11) NOT NULL AUTO_INCREMENT,
  `date` date NOT NULL,
  `quantity` int(11) NOT NULL,
  `responsible_pn` char(6) DEFAULT NULL,
  PRIMARY KEY (`application_id`),
  KEY `application_fk0` (`responsible_pn`)
) ENGINE=InnoDB DEFAULT CHARSET=utf8;
/*!40101 SET character_set_client = @saved_cs_client */;

--
-- Dumping data for table `application`
--

LOCK TABLES `application` WRITE;
/*!40000 ALTER TABLE `application` DISABLE KEYS */;
/*!40000 ALTER TABLE `application` ENABLE KEYS */;
UNLOCK TABLES;

--
-- Table structure for table `contract_parent`
--

DROP TABLE IF EXISTS `contract_parent`;
/*!40101 SET @saved_cs_client     = @@character_set_client */;
/*!40101 SET character_set_client = utf8 */;
CREATE TABLE `contract_parent` (
  `contract_number` varchar(15) NOT NULL,
  `create_date` date NOT NULL,
  `signing_date` date NOT NULL,
  `status_code` int(11) NOT NULL,
  `parent_id` int(11) NOT NULL,
  PRIMARY KEY (`contract_number`),
  KEY `contract_parent_fk0` (`status_code`),
  KEY `contract_parent_fk1` (`parent_id`),
  CONSTRAINT `contract_parent_fk0` FOREIGN KEY (`status_code`) REFERENCES `contract_status` (`status_code`) ON DELETE CASCADE ON UPDATE CASCADE,
  CONSTRAINT `contract_parent_fk1` FOREIGN KEY (`parent_id`) REFERENCES `parent` (`parent_id`) ON DELETE CASCADE ON UPDATE CASCADE
) ENGINE=InnoDB DEFAULT CHARSET=utf8;
/*!40101 SET character_set_client = @saved_cs_client */;

--
-- Dumping data for table `contract_parent`
--

LOCK TABLES `contract_parent` WRITE;
/*!40000 ALTER TABLE `contract_parent` DISABLE KEYS */;
INSERT INTO `contract_parent` VALUES ('630000172017008','2017-03-21','2017-03-22',2,7),('630000172017013','2017-03-25','2017-03-26',2,12),('630000172017020','2017-03-30','2017-04-01',2,19),('630000172017021','2017-03-30','2017-04-01',2,20),('630000172017028','2017-04-08','2017-04-09',2,27),('630000172017034','2017-04-14','2017-04-15',2,33),('630000172017039','2017-04-18','2017-04-19',2,38),('630000172017040','2017-04-18','2017-04-19',2,39),('630000172017045','2017-04-21','2017-04-22',2,44),('630000172017049','2017-04-24','2017-04-25',2,48),('630000172017058','2017-04-30','2017-04-30',2,57),('630000172017060','2017-04-30','2017-04-30',2,59),('630000172017065','2017-05-03','2017-05-04',2,64),('630000172017069','2017-05-06','2017-05-06',2,68),('630000172017070','2017-05-07','2017-05-08',2,69),('630000172017076','2017-05-13','2017-05-13',2,74),('630000172017082','2017-05-16','2017-05-16',2,80),('630000172017087','2017-05-20','2017-05-20',2,85),('630000172017090','2017-05-22','2017-05-21',2,88),('630000502017012','2017-03-24','2017-03-25',2,11),('630000502017015','2017-03-26','2017-03-27',2,14),('630000502017016','2017-03-26','2017-03-27',2,15),('630000502017024','2017-04-04','2017-04-05',2,23),('630000502017032','2017-04-12','2017-04-13',2,31),('630000502017033','2017-04-13','2017-04-14',2,32),('630000502017036','2017-04-16','2017-04-17',2,35),('630000502017037','2017-04-16','2017-04-17',2,36),('630000502017043','2017-04-20','2017-04-21',2,42),('630000502017044','2017-04-22','2017-04-23',2,43),('630000502017051','2017-04-26','2017-04-27',2,50),('630000502017052','2017-04-26','2017-04-27',2,51),('630000502017053','2017-04-26','2017-04-27',2,52),('630000502017066','2017-05-05','2017-05-05',2,65),('630000502017067','2017-05-05','2017-05-05',2,66),('630000502017073','2017-05-11','2017-05-11',2,72),('630000502017080','2017-05-15','2017-05-15',2,78),('630000502017083','2017-05-17','2017-05-17',2,81),('630000502017084','2017-05-18','2017-05-18',2,82),('630000882017006','2017-03-19','2017-03-20',2,5),('630000882017007','2017-03-20','2017-03-20',2,6),('630000882017018','2017-03-29','2017-03-30',2,17),('630000882017022','2017-04-02','2017-04-03',2,21),('630000882017023','2017-04-02','2017-04-03',2,22),('630000882017031','2017-04-11','2017-04-12',2,30),('630000882017035','2017-04-15','2017-04-16',2,34),('630000882017041','2017-04-19','2017-04-20',2,40),('630000882017042','2017-04-19','2017-04-20',2,41),('630000882017050','2017-04-25','2017-04-26',2,49),('630000882017054','2017-04-27','2017-04-27',2,53),('630000882017055','2017-04-27','2017-04-27',2,54),('630000882017056','2017-04-28','2017-04-29',2,55),('630000882017068','2017-05-06','2017-05-06',2,67),('630000882017074','2017-05-12','2017-05-12',2,73),('630000882017075','2017-05-12','2017-05-12',2,73),('630000882017085','2017-05-19','2017-05-19',2,83),('630000882017086','2017-05-20','2017-05-20',2,84),('630000902017001','2017-03-15','2017-03-16',2,1),('630000902017002','2017-03-15','2017-03-16',2,2),('630000902017010','2017-03-23','2017-03-24',2,9),('630000902017011','2017-03-23','2017-03-24',2,10),('630000902017014','2017-03-25','2017-03-26',2,13),('630000902017017','2017-03-28','2017-03-29',2,16),('630000902017019','2017-03-29','2017-03-30',2,18),('630000902017025','2017-04-05','2017-04-06',2,24),('630000902017029','2017-04-09','2017-04-10',2,28),('630000902017030','2017-04-10','2017-04-11',2,29),('630000902017057','2017-04-29','2017-04-29',2,56),('630000902017061','2017-05-02','2017-05-02',2,60),('630000902017064','2017-05-03','2017-05-04',2,63),('630000902017071','2017-05-07','2017-05-08',2,70),('630000902017079','2017-05-15','2017-05-15',2,77),('630000902017081','2017-05-16','2017-05-16',2,79),('630000902017088','2017-05-21','2017-05-21',2,86),('630000912017003','2017-03-16','2017-03-17',2,3),('630000912017004','2017-03-17','2017-03-18',2,4),('630000912017005','2017-03-17','2017-03-18',2,4),('630000912017009','2017-03-22','2017-03-23',2,8),('630000912017026','2017-04-07','2017-04-08',2,25),('630000912017027','2017-04-07','2017-04-08',2,26),('630000912017038','2017-04-17','2017-04-18',2,37),('630000912017046','2017-04-23','2017-04-24',2,45),('630000912017047','2017-04-23','2017-04-24',2,46),('630000912017048','2017-04-24','2017-04-25',2,47),('630000912017059','2017-04-30','2017-04-30',2,58),('630000912017062','2017-05-02','2017-05-02',2,61),('630000912017063','2017-05-02','2017-05-02',2,62),('630000912017072','2017-05-07','2017-05-08',2,71),('630000912017077','2017-05-14','2017-05-14',2,75),('630000912017078','2017-05-14','2017-05-14',2,76),('630000912017089','2017-05-21','2017-05-21',2,87);
/*!40000 ALTER TABLE `contract_parent` ENABLE KEYS */;
UNLOCK TABLES;

--
-- Table structure for table `contract_status`
--

DROP TABLE IF EXISTS `contract_status`;
/*!40101 SET @saved_cs_client     = @@character_set_client */;
/*!40101 SET character_set_client = utf8 */;
CREATE TABLE `contract_status` (
  `status_code` int(11) NOT NULL AUTO_INCREMENT,
  `name` varchar(15) NOT NULL,
  PRIMARY KEY (`status_code`)
) ENGINE=InnoDB AUTO_INCREMENT=4 DEFAULT CHARSET=utf8;
/*!40101 SET character_set_client = @saved_cs_client */;

--
-- Dumping data for table `contract_status`
--

LOCK TABLES `contract_status` WRITE;
/*!40000 ALTER TABLE `contract_status` DISABLE KEYS */;
INSERT INTO `contract_status` VALUES (1,'на подписании'),(2,'действующий'),(3,'завершенный');
/*!40000 ALTER TABLE `contract_status` ENABLE KEYS */;
UNLOCK TABLES;

--
-- Table structure for table `delivery`
--

DROP TABLE IF EXISTS `delivery`;
/*!40101 SET @saved_cs_client     = @@character_set_client */;
/*!40101 SET character_set_client = utf8 */;
CREATE TABLE `delivery` (
  `delivery_id` int(11) NOT NULL AUTO_INCREMENT,
  `date` date NOT NULL,
  `application_id` int(11) DEFAULT NULL,
  `status_code` int(11) NOT NULL,
  PRIMARY KEY (`delivery_id`),
  KEY `delivery_fk0` (`application_id`),
  KEY `delivery_fk1` (`status_code`),
  CONSTRAINT `delivery_fk0` FOREIGN KEY (`application_id`) REFERENCES `application` (`application_id`) ON DELETE SET NULL ON UPDATE SET NULL,
  CONSTRAINT `delivery_fk1` FOREIGN KEY (`status_code`) REFERENCES `delivery_status` (`status_code`) ON DELETE CASCADE ON UPDATE CASCADE
) ENGINE=InnoDB DEFAULT CHARSET=utf8;
/*!40101 SET character_set_client = @saved_cs_client */;

--
-- Dumping data for table `delivery`
--

LOCK TABLES `delivery` WRITE;
/*!40000 ALTER TABLE `delivery` DISABLE KEYS */;
/*!40000 ALTER TABLE `delivery` ENABLE KEYS */;
UNLOCK TABLES;

--
-- Table structure for table `delivery_status`
--

DROP TABLE IF EXISTS `delivery_status`;
/*!40101 SET @saved_cs_client     = @@character_set_client */;
/*!40101 SET character_set_client = utf8 */;
CREATE TABLE `delivery_status` (
  `status_code` int(11) NOT NULL AUTO_INCREMENT,
  `name` varchar(15) NOT NULL,
  PRIMARY KEY (`status_code`)
) ENGINE=InnoDB DEFAULT CHARSET=utf8;
/*!40101 SET character_set_client = @saved_cs_client */;

--
-- Dumping data for table `delivery_status`
--

LOCK TABLES `delivery_status` WRITE;
/*!40000 ALTER TABLE `delivery_status` DISABLE KEYS */;
/*!40000 ALTER TABLE `delivery_status` ENABLE KEYS */;
UNLOCK TABLES;

--
-- Table structure for table `dish`
--

DROP TABLE IF EXISTS `dish`;
/*!40101 SET @saved_cs_client     = @@character_set_client */;
/*!40101 SET character_set_client = utf8 */;
CREATE TABLE `dish` (
  `dish_id` int(11) NOT NULL AUTO_INCREMENT,
  `name` varchar(50) NOT NULL,
  `weight` float(6,3) NOT NULL,
  `proteins` float(6,3) NOT NULL,
  `fats` float(6,3) NOT NULL,
  `carb` float(6,3) NOT NULL,
  `kcal` float(6,3) NOT NULL,
  PRIMARY KEY (`dish_id`)
) ENGINE=InnoDB AUTO_INCREMENT=174 DEFAULT CHARSET=utf8;
/*!40101 SET character_set_client = @saved_cs_client */;

--
-- Dumping data for table `dish`
--

LOCK TABLES `dish` WRITE;
/*!40000 ALTER TABLE `dish` DISABLE KEYS */;
INSERT INTO `dish` VALUES (66,'Компот из клюквы',180.000,0.170,0.000,17.590,71.000),(67,'Салат из свеклы с зеленым горошком',30.000,0.500,1.250,2.460,23.000),(68,'Салат из свеклы с сыром',30.000,1.470,2.940,2.140,41.000),(69,'Какао с молоком',180.000,3.670,3.190,15.820,107.000),(70,'Салат фруктовый',95.000,1.034,0.411,17.309,188.600),(71,'Ватрушки с фаршем творожным (из дрожжевого теста)',75.000,9.220,5.480,29.180,202.000),(72,'Ватрушки с фаршем творожным (из слоеного теста)',75.000,8.860,15.280,24.980,272.000),(73,'Фарш творожный',100.000,15.050,0.500,3.050,350.000),(74,'Оладьи с повидлом',165.000,1.160,11.480,71.290,435.000),(75,'Рагу из овощей (с кабачками, с соусом томатным)',155.000,2.290,11.000,14.440,166.000),(76,'Соус томатный',45.000,8.200,5.800,6.400,110.000),(77,'Макароны, запеченные с яйцом',205.000,10.400,9.480,31.040,250.000),(78,'Батон горчичный',70.000,2.345,0.420,15.680,78.000),(79,'Каша молочная жидкая \"Геркулес\"',210.000,9.420,10.490,33.290,265.000),(80,'Каша рисовая молочная вязкая',210.000,7.960,8.410,45.040,288.000),(81,'Чай с молоком',180.000,2.670,2.340,14.310,89.000),(82,'Кофейный напиток',180.000,2.850,2.410,14.360,91.000),(83,'Выпечка',25.000,0.120,5.300,15.210,151.000),(84,'Рыба, тушенная в томате с овощами',100.000,8.940,1.980,2.090,62.000),(85,'Рагу из овощей',105.000,1.770,10.990,8.600,142.000),(86,'Молоко сгущенное',30.000,1.600,2.830,1.870,107.000),(87,'Рыба тушенная с овощами',120.000,11.490,5.780,3.300,111.000),(88,'Вафли',50.000,1.600,1.400,40.500,170.000),(89,'Суп с рыбными консервами (горбуша) ',200.000,6.880,7.200,11.700,134.000),(90,'Запеканка морковная с творогом',155.000,15.200,16.580,25.080,311.000),(91,'Булочка российская',60.000,4.200,4.810,33.310,193.000),(92,'Бутерброды с повидлом',55.000,2.500,3.930,27.560,156.000),(93,'Каша кукурузная молочная',200.000,7.000,9.000,28.900,224.600),(94,'Кисломолочный продукт \"Снежок\"',100.000,2.800,2.500,11.000,78.000),(95,'Омлет с сыром',120.000,12.800,16.900,3.000,216.400),(96,'Кисель из свежих ягод',200.000,0.300,0.100,27.500,112.800),(97,'Повидло',30.000,0.100,0.400,19.200,77.300),(98,'Помидор свежий',70.000,0.800,0.100,2.700,16.900),(99,'Огурец свежий',70.000,0.600,0.100,1.700,9.800),(100,'Гуляж',100.000,15.200,19.000,5.500,255.100),(101,'Тефтели \"Ежики\"',140.000,17.390,19.030,12.400,290.970),(102,'Бефстроганов из отварной говядины',85.000,9.800,12.300,3.800,169.000),(103,'Омлет натуральный 2-й вариант',110.000,10.630,17.500,2.010,208.620),(104,'Биточки',70.000,11.800,13.800,6.100,194.900),(105,'Котлеты',100.000,15.000,16.500,7.200,235.500),(107,'Суфле творожное',140.000,19.700,13.000,26.200,303.700),(108,'Суфле с куринным мясом',195.000,22.500,25.600,6.500,347.000),(109,'Голубцы ленивые порционные',200.000,15.000,18.100,24.300,332.900),(110,'Сырники из творога с повидлом',155.000,23.200,16.900,47.000,437.000),(111,'Рассольник домашний',250.000,4.500,7.500,14.900,151.000),(112,'Суп молочный с крупой (гречневой)',200.000,6.400,6.000,18.100,153.500),(113,'Оладьи из печени',80.000,14.900,10.100,6.300,192.300),(114,'Тесто для оладий',165.000,11.500,18.720,62.050,460.000),(115,'Харчо по-грузински',250.000,2.200,3.800,16.800,102.000),(116,'Напиток из свежезамороженной смородины',200.000,0.200,0.200,13.100,54.700),(117,'Сотте рыбное',180.000,22.400,11.600,6.300,220.000),(118,'Напиток из изюма и кураги',200.000,0.100,0.200,23.200,102.500),(119,'Куринная подлива',90.000,15.200,14.700,3.200,212.000),(120,'Азу',200.000,17.800,20.000,17.000,322.000),(121,'Каша вязкая ячневая',100.000,2.100,2.800,13.800,95.000),(122,'Каша вязкая перловая',100.000,2.050,2.770,14.240,89.500),(123,'Каша вязкая рисовая ',100.000,1.700,2.800,17.700,102.700),(124,'Каша вязкая пшенная',100.000,2.780,2.890,15.900,105.000),(125,'Каша вязкая пшеничная',100.000,2.680,2.800,16.300,101.600),(126,'Каша вязкая гречневая',100.000,3.050,3.380,13.680,97.000),(138,'Каша вязкая молочная из пшенной крупы',220.000,8.640,11.050,54.310,350.000),(139,'Каша рассыпчатая ячневая',100.000,3.190,2.950,20.500,121.500),(140,'Каша рассыпчатая перловая',100.000,2.970,2.890,21.120,122.400),(141,'Каша рассыпчатая рисовая',100.000,2.400,2.880,25.020,135.700),(142,'Каша рассыпчатая пшенная',100.000,4.400,3.800,25.200,153.000),(143,'Каша рассыпчатая пшеничная',100.000,4.200,3.030,25.900,147.500),(144,'Каша рассыпчатая гречневая',100.000,5.700,4.060,25.760,162.500),(145,'Каша вязкая молочная из перловой крупы ',210.000,7.000,10.900,39.800,286.000),(146,'Каша вязкая молочная из ячневой крупы ',210.000,7.310,10.500,35.100,270.000),(147,'Каша вязкая молочная из рисовой крупы ',210.000,6.000,10.800,42.900,295.000),(148,'Каша вязкая молочная из овсяной крупы ',210.000,8.590,6.100,50.100,292.000),(149,'Каша вязкая молочная из пшеничной крупы ',210.000,8.650,11.060,44.300,312.000),(150,'Фрикадельки в соусе (сматанный с томатом)',105.000,8.500,11.200,10.600,180.000),(151,'Фрикадельки в соусе (сматанный)',105.000,8.330,11.320,10.000,175.000),(152,'Курица отварная (с маслом)',55.000,11.700,12.900,2.240,164.000),(153,'Курица отварная (с соусом)',80.000,12.100,14.810,2.100,190.000),(154,'Курица тушенная в соусе',100.000,13.200,10.800,2.900,165.000),(155,'Курица тушеная в соусе с овощами',150.000,13.060,11.560,12.900,208.000),(156,'Ватрушки с повдилом',75.000,4.100,12.780,39.900,292.000),(157,'Тесто слоеное пресное',100.000,6.110,18.510,36.141,335.700),(158,'Макаронные изделия отварные',100.000,3.670,3.010,17.630,112.300),(159,'Компот из смеси сухофруктов',100.000,0.300,1.045,16.100,66.400),(160,'Пицца школьная, 1-й вариант',100.000,9.890,16.250,28.300,299.000),(161,'Пицца школьная, 2-й вариант',100.000,10.090,11.100,28.260,253.000),(162,'Колбаса вареная запеченная в тесте',100.000,10.270,12.600,27.330,265.000),(163,'Сардельки запеченные в тесте',100.000,9.600,11.000,27.250,246.000),(164,'Сосиски запеченные в тесте',100.000,9.500,13.800,26.900,270.000),(165,'Булочка ванильная',100.000,7.900,8.120,44.480,283.000),(166,'Булочка домашняя',100.000,7.280,12.520,43.900,318.000),(167,'Булочка школьная',60.000,5.010,1.900,26.900,150.000),(168,'Булочка \"Веснушка\"',50.000,3.900,3.060,23.900,139.000),(169,'Булочка молочная',50.000,4.600,3.000,23.500,120.000),(170,'Рулет картофельный с мясом',145.000,16.640,20.800,19.800,325.000),(171,'Сардельки отварные',55.000,5.700,12.700,2.700,141.000),(173,'Оладьи со сливчным маслом',160.000,11.600,18.700,61.500,465.000);
/*!40000 ALTER TABLE `dish` ENABLE KEYS */;
UNLOCK TABLES;

--
-- Table structure for table `history`
--

DROP TABLE IF EXISTS `history`;
/*!40101 SET @saved_cs_client     = @@character_set_client */;
/*!40101 SET character_set_client = utf8 */;
CREATE TABLE `history` (
  `history_id` int(11) NOT NULL AUTO_INCREMENT,
  `menu_id` int(11) DEFAULT NULL,
  `date` date NOT NULL,
  `person_account` varchar(15) DEFAULT NULL,
  PRIMARY KEY (`history_id`),
  KEY `history_fk0` (`menu_id`),
  KEY `history_fk1` (`person_account`),
  CONSTRAINT `history_fk0` FOREIGN KEY (`menu_id`) REFERENCES `menu` (`menu_id`) ON DELETE SET NULL ON UPDATE CASCADE,
  CONSTRAINT `history_fk1` FOREIGN KEY (`person_account`) REFERENCES `person` (`person_account`) ON DELETE CASCADE ON UPDATE CASCADE
) ENGINE=InnoDB DEFAULT CHARSET=utf8;
/*!40101 SET character_set_client = @saved_cs_client */;

--
-- Dumping data for table `history`
--

LOCK TABLES `history` WRITE;
/*!40000 ALTER TABLE `history` DISABLE KEYS */;
/*!40000 ALTER TABLE `history` ENABLE KEYS */;
UNLOCK TABLES;

--
-- Table structure for table `lease_contract`
--

DROP TABLE IF EXISTS `lease_contract`;
/*!40101 SET @saved_cs_client     = @@character_set_client */;
/*!40101 SET character_set_client = utf8 */;
CREATE TABLE `lease_contract` (
  `contract_id` int(11) NOT NULL,
  `create_date` date NOT NULL,
  PRIMARY KEY (`contract_id`)
) ENGINE=InnoDB DEFAULT CHARSET=utf8;
/*!40101 SET character_set_client = @saved_cs_client */;

--
-- Dumping data for table `lease_contract`
--

LOCK TABLES `lease_contract` WRITE;
/*!40000 ALTER TABLE `lease_contract` DISABLE KEYS */;
INSERT INTO `lease_contract` VALUES (630012,'2017-03-01'),(630013,'2017-03-05'),(630014,'2017-04-08'),(630015,'2017-06-01'),(630016,'2017-06-28');
/*!40000 ALTER TABLE `lease_contract` ENABLE KEYS */;
UNLOCK TABLES;

--
-- Table structure for table `menu`
--

DROP TABLE IF EXISTS `menu`;
/*!40101 SET @saved_cs_client     = @@character_set_client */;
/*!40101 SET character_set_client = utf8 */;
CREATE TABLE `menu` (
  `menu_id` int(11) NOT NULL AUTO_INCREMENT,
  `create_date` date NOT NULL,
  `use_date` date NOT NULL,
  `responsible_pn` int(11) DEFAULT NULL,
  `tin_school` int(11) NOT NULL,
  `type_code` int(11) NOT NULL,
  PRIMARY KEY (`menu_id`),
  KEY `menu_fk0` (`responsible_pn`),
  KEY `menu_fk1` (`tin_school`),
  KEY `menu_fk2` (`type_code`),
  CONSTRAINT `menu_fk0` FOREIGN KEY (`responsible_pn`) REFERENCES `responsible` (`personnel_number`) ON DELETE SET NULL ON UPDATE CASCADE,
  CONSTRAINT `menu_fk1` FOREIGN KEY (`tin_school`) REFERENCES `school` (`tin`) ON DELETE CASCADE ON UPDATE CASCADE,
  CONSTRAINT `menu_fk2` FOREIGN KEY (`type_code`) REFERENCES `menu_type` (`type_code`) ON DELETE CASCADE ON UPDATE CASCADE
) ENGINE=InnoDB AUTO_INCREMENT=265 DEFAULT CHARSET=utf8;
/*!40101 SET character_set_client = @saved_cs_client */;

--
-- Dumping data for table `menu`
--

LOCK TABLES `menu` WRITE;
/*!40000 ALTER TABLE `menu` DISABLE KEYS */;
INSERT INTO `menu` VALUES (1,'2018-03-30','2018-04-02',612456,1381302413,1),(2,'2018-03-30','2018-04-02',612456,1381302413,2),(3,'2018-03-30','2018-04-02',612456,1482847102,1),(4,'2018-03-30','2018-04-02',612456,1482847102,2),(5,'2018-03-30','2018-04-02',612456,1505474166,1),(6,'2018-03-30','2018-04-02',612456,1505474166,2),(11,'2018-03-30','2018-04-02',612456,1944782303,1),(12,'2018-03-30','2018-04-02',612456,1944782303,2),(13,'2018-03-30','2018-04-03',612456,1999123459,1),(14,'2018-03-30','2018-04-03',612456,1999123459,2),(15,'2018-04-02','2018-04-03',612456,1381302413,1),(16,'2018-04-02','2018-04-03',612456,1381302413,2),(17,'2018-04-02','2018-04-03',612456,1482847102,1),(18,'2018-04-02','2018-04-03',612456,1482847102,2),(19,'2018-04-02','2018-04-03',612456,1505474166,1),(20,'2018-04-02','2018-04-03',612456,1505474166,2),(21,'2018-04-02','2018-04-03',612456,1944782303,1),(22,'2018-04-02','2018-04-03',612456,1944782303,2),(23,'2018-04-02','2018-04-03',612456,1999123459,1),(24,'2018-04-02','2018-04-03',612456,1999123459,2),(25,'2018-04-02','2018-04-04',612456,1381302413,1),(26,'2018-04-02','2018-04-04',612456,1381302413,2),(27,'2018-04-02','2018-04-04',612456,1482847102,1),(28,'2018-04-02','2018-04-04',612456,1482847102,2),(29,'2018-04-02','2018-04-04',612456,1505474166,1),(30,'2018-04-02','2018-04-04',612456,1505474166,2),(31,'2018-04-02','2018-04-04',612456,1944782303,1),(32,'2018-04-02','2018-04-04',612456,1944782303,2),(33,'2018-04-02','2018-04-04',612456,1999123459,1),(34,'2018-04-02','2018-04-04',612456,1999123459,2),(35,'2018-04-03','2018-04-05',612456,1381302413,1),(36,'2018-04-03','2018-04-05',612456,1381302413,2),(37,'2018-04-03','2018-04-05',612456,1482847102,1),(38,'2018-04-03','2018-04-05',612456,1482847102,2),(39,'2018-04-03','2018-04-05',612456,1505474166,1),(40,'2018-04-03','2018-04-05',612456,1505474166,2),(41,'2018-04-03','2018-04-05',612456,1944782303,1),(42,'2018-04-03','2018-04-05',612456,1944782303,2),(43,'2018-04-03','2018-04-05',612456,1999123459,1),(44,'2018-04-03','2018-04-05',612456,1999123459,2),(45,'2018-04-04','2018-04-06',612456,1381302413,1),(46,'2018-04-04','2018-04-06',612456,1381302413,2),(47,'2018-04-04','2018-04-06',612456,1482847102,1),(48,'2018-04-04','2018-04-06',612456,1482847102,2),(49,'2018-04-04','2018-04-06',612456,1505474166,1),(50,'2018-04-04','2018-04-06',612456,1505474166,2),(51,'2018-04-04','2018-04-06',612456,1944782303,1),(52,'2018-04-04','2018-04-06',612456,1944782303,2),(53,'2018-04-04','2018-04-06',612456,1999123459,1),(54,'2018-04-04','2018-04-06',612456,1999123459,2),(85,'2018-04-06','2018-04-09',612456,1381302413,1),(86,'2018-04-06','2018-04-09',612456,1381302413,2),(87,'2018-04-06','2018-04-09',612456,1482847102,1),(88,'2018-04-06','2018-04-09',612456,1482847102,2),(89,'2018-04-06','2018-04-09',612456,1505474166,1),(90,'2018-04-06','2018-04-09',612456,1505474166,2),(91,'2018-04-06','2018-04-09',612456,1944782303,1),(92,'2018-04-06','2018-04-09',612456,1944782303,2),(93,'2018-04-06','2018-04-09',612456,1999123459,1),(94,'2018-04-06','2018-04-09',612456,1999123459,2),(95,'2018-04-09','2018-04-10',612456,1381302413,1),(96,'2018-04-09','2018-04-10',612456,1381302413,2),(97,'2018-04-09','2018-04-10',612456,1482847102,1),(98,'2018-04-09','2018-04-10',612456,1482847102,2),(99,'2018-04-09','2018-04-10',612456,1505474166,1),(100,'2018-04-09','2018-04-10',612456,1505474166,2),(101,'2018-04-09','2018-04-10',612456,1944782303,1),(102,'2018-04-09','2018-04-10',612456,1944782303,2),(103,'2018-04-09','2018-04-10',612456,1999123459,1),(104,'2018-04-09','2018-04-10',612456,1999123459,2),(105,'2018-04-09','2018-04-11',612456,1381302413,1),(106,'2018-04-09','2018-04-11',612456,1381302413,2),(107,'2018-04-09','2018-04-11',612456,1482847102,1),(108,'2018-04-09','2018-04-11',612456,1482847102,2),(109,'2018-04-09','2018-04-11',612456,1505474166,1),(110,'2018-04-09','2018-04-11',612456,1505474166,2),(111,'2018-04-09','2018-04-11',612456,1944782303,1),(112,'2018-04-09','2018-04-11',612456,1944782303,2),(113,'2018-04-09','2018-04-11',612456,1999123459,1),(114,'2018-04-09','2018-04-11',612456,1999123459,2),(115,'2018-04-10','2018-04-12',612456,1381302413,1),(116,'2018-04-10','2018-04-12',612456,1381302413,2),(117,'2018-04-10','2018-04-12',612456,1482847102,1),(118,'2018-04-10','2018-04-12',612456,1482847102,2),(119,'2018-04-10','2018-04-12',612456,1505474166,1),(120,'2018-04-10','2018-04-12',612456,1505474166,2),(121,'2018-04-10','2018-04-12',612456,1944782303,1),(122,'2018-04-10','2018-04-12',612456,1944782303,2),(123,'2018-04-10','2018-04-12',612456,1999123459,1),(124,'2018-04-10','2018-04-12',612456,1999123459,2),(125,'2018-04-11','2018-04-13',612456,1381302413,1),(126,'2018-04-11','2018-04-13',612456,1381302413,2),(127,'2018-04-11','2018-04-13',612456,1482847102,1),(128,'2018-04-11','2018-04-13',612456,1482847102,2),(129,'2018-04-11','2018-04-13',612456,1505474166,1),(130,'2018-04-11','2018-04-13',612456,1505474166,2),(131,'2018-04-11','2018-04-13',612456,1944782303,1),(132,'2018-04-11','2018-04-13',612456,1944782303,2),(133,'2018-04-11','2018-04-13',612456,1999123459,1),(134,'2018-04-11','2018-04-13',612456,1999123459,2),(145,'2018-04-13','2018-04-16',612456,1381302413,1),(146,'2018-04-13','2018-04-16',612456,1381302413,2),(147,'2018-04-13','2018-04-16',612456,1482847102,1),(148,'2018-04-13','2018-04-16',612456,1482847102,2),(149,'2018-04-13','2018-04-16',612456,1505474166,1),(150,'2018-04-13','2018-04-16',612456,1505474166,2),(151,'2018-04-13','2018-04-16',612456,1944782303,1),(152,'2018-04-13','2018-04-16',612456,1944782303,2),(153,'2018-04-13','2018-04-16',612456,1999123459,1),(154,'2018-04-13','2018-04-16',612456,1999123459,2),(155,'2018-04-16','2018-04-17',612456,1381302413,1),(156,'2018-04-16','2018-04-17',612456,1381302413,2),(157,'2018-04-16','2018-04-17',612456,1482847102,1),(158,'2018-04-16','2018-04-17',612456,1482847102,2),(159,'2018-04-16','2018-04-17',612456,1505474166,1),(160,'2018-04-16','2018-04-17',612456,1505474166,2),(161,'2018-04-16','2018-04-17',612456,1944782303,1),(162,'2018-04-16','2018-04-17',612456,1944782303,2),(163,'2018-04-16','2018-04-17',612456,1999123459,1),(164,'2018-04-16','2018-04-17',612456,1999123459,2),(165,'2018-04-16','2018-04-18',612456,1381302413,1),(166,'2018-04-16','2018-04-18',612456,1381302413,2),(167,'2018-04-16','2018-04-18',612456,1482847102,1),(168,'2018-04-16','2018-04-18',612456,1482847102,2),(169,'2018-04-16','2018-04-18',612456,1505474166,1),(170,'2018-04-16','2018-04-18',612456,1505474166,2),(171,'2018-04-16','2018-04-18',612456,1944782303,1),(172,'2018-04-16','2018-04-18',612456,1944782303,2),(173,'2018-04-16','2018-04-18',612456,1999123459,1),(174,'2018-04-16','2018-04-18',612456,1999123459,2),(175,'2018-04-17','2018-04-19',612456,1381302413,1),(176,'2018-04-17','2018-04-19',612456,1381302413,2),(177,'2018-04-17','2018-04-19',612456,1482847102,1),(178,'2018-04-17','2018-04-19',612456,1482847102,2),(179,'2018-04-17','2018-04-19',612456,1505474166,1),(180,'2018-04-17','2018-04-19',612456,1505474166,2),(181,'2018-04-17','2018-04-19',612456,1944782303,1),(182,'2018-04-17','2018-04-19',612456,1944782303,2),(183,'2018-04-17','2018-04-19',612456,1999123459,1),(184,'2018-04-17','2018-04-19',612456,1999123459,2),(185,'2018-04-18','2018-04-20',612456,1381302413,1),(186,'2018-04-18','2018-04-20',612456,1381302413,2),(187,'2018-04-18','2018-04-20',612456,1482847102,1),(188,'2018-04-18','2018-04-20',612456,1482847102,2),(189,'2018-04-18','2018-04-20',612456,1505474166,1),(190,'2018-04-18','2018-04-20',612456,1505474166,2),(191,'2018-04-18','2018-04-20',612456,1944782303,1),(192,'2018-04-18','2018-04-20',612456,1944782303,2),(193,'2018-04-18','2018-04-20',612456,1999123459,1),(194,'2018-04-18','2018-04-20',612456,1999123459,2),(195,'2018-04-20','2018-04-23',612456,1381302413,1),(196,'2018-04-20','2018-04-23',612456,1381302413,2),(197,'2018-04-20','2018-04-23',612456,1482847102,1),(198,'2018-04-20','2018-04-23',612456,1482847102,2),(199,'2018-04-20','2018-04-23',612456,1505474166,1),(200,'2018-04-20','2018-04-23',612456,1505474166,2),(201,'2018-04-20','2018-04-23',612456,1944782303,1),(202,'2018-04-20','2018-04-23',612456,1944782303,2),(203,'2018-04-20','2018-04-23',612456,1999123459,1),(204,'2018-04-20','2018-04-23',612456,1999123459,2),(205,'2018-04-23','2018-04-24',612456,1381302413,1),(206,'2018-04-23','2018-04-24',612456,1381302413,2),(207,'2018-04-23','2018-04-24',612456,1482847102,1),(208,'2018-04-23','2018-04-24',612456,1482847102,2),(209,'2018-04-23','2018-04-24',612456,1505474166,1),(210,'2018-04-23','2018-04-24',612456,1505474166,2),(211,'2018-04-23','2018-04-24',612456,1944782303,1),(212,'2018-04-23','2018-04-24',612456,1944782303,2),(213,'2018-04-23','2018-04-24',612456,1999123459,1),(214,'2018-04-23','2018-04-24',612456,1999123459,2),(215,'2018-04-23','2018-04-25',612456,1381302413,1),(216,'2018-04-23','2018-04-25',612456,1381302413,2),(217,'2018-04-23','2018-04-25',612456,1482847102,1),(218,'2018-04-23','2018-04-25',612456,1482847102,2),(219,'2018-04-23','2018-04-25',612456,1505474166,1),(220,'2018-04-23','2018-04-25',612456,1505474166,2),(221,'2018-04-23','2018-04-25',612456,1944782303,1),(222,'2018-04-23','2018-04-25',612456,1944782303,2),(223,'2018-04-23','2018-04-25',612456,1999123459,1),(224,'2018-04-23','2018-04-25',612456,1999123459,2),(225,'2018-04-24','2018-04-26',612456,1381302413,1),(226,'2018-04-24','2018-04-26',612456,1381302413,2),(227,'2018-04-24','2018-04-26',612456,1482847102,1),(228,'2018-04-24','2018-04-26',612456,1482847102,2),(229,'2018-04-24','2018-04-26',612456,1505474166,1),(230,'2018-04-24','2018-04-26',612456,1505474166,2),(231,'2018-04-24','2018-04-26',612456,1944782303,1),(232,'2018-04-24','2018-04-26',612456,1944782303,2),(233,'2018-04-24','2018-04-26',612456,1999123459,1),(234,'2018-04-24','2018-04-26',612456,1999123459,2),(235,'2018-04-25','2018-04-27',612456,1381302413,1),(236,'2018-04-25','2018-04-27',612456,1381302413,2),(237,'2018-04-25','2018-04-27',612456,1482847102,1),(238,'2018-04-25','2018-04-27',612456,1482847102,2),(239,'2018-04-25','2018-04-27',612456,1505474166,1),(240,'2018-04-25','2018-04-27',612456,1505474166,2),(241,'2018-04-25','2018-04-27',612456,1944782303,1),(242,'2018-04-25','2018-04-27',612456,1944782303,2),(243,'2018-04-25','2018-04-27',612456,1999123459,1),(244,'2018-04-25','2018-04-27',612456,1999123459,2),(245,'2018-04-27','2018-05-03',612456,1381302413,1),(246,'2018-04-27','2018-05-03',612456,1381302413,2),(247,'2018-04-27','2018-05-03',612456,1482847102,1),(248,'2018-04-27','2018-05-03',612456,1482847102,2),(249,'2018-04-27','2018-05-03',612456,1505474166,1),(250,'2018-04-27','2018-05-03',612456,1505474166,2),(251,'2018-04-27','2018-05-03',612456,1944782303,1),(252,'2018-04-27','2018-05-03',612456,1944782303,2),(253,'2018-04-27','2018-05-03',612456,1999123459,1),(254,'2018-04-27','2018-05-03',612456,1999123459,2),(255,'2018-04-27','2018-05-04',612456,1381302413,1),(256,'2018-04-27','2018-05-04',612456,1381302413,2),(257,'2018-04-27','2018-05-04',612456,1482847102,1),(258,'2018-04-27','2018-05-04',612456,1482847102,2),(259,'2018-04-27','2018-05-04',612456,1505474166,1),(260,'2018-04-27','2018-05-04',612456,1505474166,2),(261,'2018-04-27','2018-05-04',612456,1944782303,1),(262,'2018-04-27','2018-05-04',612456,1944782303,2),(263,'2018-04-27','2018-05-04',612456,1999123459,1),(264,'2018-04-27','2018-05-04',612456,1999123459,2);
/*!40000 ALTER TABLE `menu` ENABLE KEYS */;
UNLOCK TABLES;

--
-- Table structure for table `menu_dishes`
--

DROP TABLE IF EXISTS `menu_dishes`;
/*!40101 SET @saved_cs_client     = @@character_set_client */;
/*!40101 SET character_set_client = utf8 */;
CREATE TABLE `menu_dishes` (
  `id` int(11) NOT NULL AUTO_INCREMENT,
  `menu_id` int(11) NOT NULL,
  `dish_id` int(11) NOT NULL,
  PRIMARY KEY (`id`),
  KEY `menu_dishes_fk0` (`menu_id`),
  KEY `menu_dishes_fk1` (`dish_id`),
  CONSTRAINT `menu_dishes_fk0` FOREIGN KEY (`menu_id`) REFERENCES `menu` (`menu_id`) ON DELETE CASCADE ON UPDATE CASCADE,
  CONSTRAINT `menu_dishes_fk1` FOREIGN KEY (`dish_id`) REFERENCES `dish` (`dish_id`) ON DELETE CASCADE ON UPDATE CASCADE
) ENGINE=InnoDB AUTO_INCREMENT=773 DEFAULT CHARSET=utf8;
/*!40101 SET character_set_client = @saved_cs_client */;

--
-- Dumping data for table `menu_dishes`
--

LOCK TABLES `menu_dishes` WRITE;
/*!40000 ALTER TABLE `menu_dishes` DISABLE KEYS */;
INSERT INTO `menu_dishes` VALUES (3,1,121),(4,1,91),(5,1,159),(6,2,101),(7,2,119),(8,2,78),(9,2,66),(10,3,122),(11,3,88),(12,3,81),(13,4,89),(14,4,75),(15,4,91),(16,4,118),(17,5,123),(18,5,165),(19,5,69),(20,6,115),(21,6,104),(22,6,78),(23,6,81),(24,11,124),(25,11,110),(26,11,66),(27,12,111),(28,12,101),(29,12,78),(30,12,96),(31,13,125),(32,13,168),(33,13,118),(34,14,102),(35,14,158),(36,14,169),(37,14,82),(38,15,126),(39,15,169),(40,15,82),(41,16,84),(42,16,77),(43,16,168),(44,16,159),(45,17,138),(46,17,166),(47,17,116),(48,18,105),(49,18,98),(50,18,88),(51,18,81),(52,19,139),(53,19,156),(54,19,96),(55,20,111),(56,20,109),(57,20,165),(58,20,66),(59,21,140),(60,21,167),(61,21,94),(62,22,100),(63,22,158),(64,22,91),(65,22,69),(66,23,141),(67,23,71),(68,23,66),(69,24,89),(70,24,170),(71,24,78),(72,24,82),(73,25,142),(74,25,83),(75,25,81),(76,26,108),(77,26,67),(78,26,78),(79,26,66),(80,27,143),(81,27,163),(82,27,82),(83,28,171),(84,28,68),(85,28,166),(86,28,159),(87,29,144),(88,29,164),(89,29,96),(90,30,103),(91,30,173),(92,30,78),(93,30,81),(94,31,145),(95,31,160),(96,31,118),(97,32,150),(98,32,119),(99,32,161),(100,32,116),(101,33,146),(102,33,161),(103,33,69),(104,34,117),(105,34,70),(106,34,167),(107,34,96),(108,35,124),(109,35,110),(110,35,66),(111,36,102),(112,36,158),(113,36,169),(114,36,82),(115,37,125),(116,37,168),(117,37,118),(118,38,115),(119,38,104),(120,38,78),(121,38,81),(122,39,121),(123,39,91),(124,39,159),(125,40,101),(126,40,119),(127,40,78),(128,40,66),(129,41,123),(130,41,165),(131,41,69),(132,42,111),(133,42,101),(134,42,78),(135,42,96),(136,43,122),(137,43,88),(138,43,81),(139,44,89),(140,44,75),(141,44,91),(142,44,118),(143,45,139),(144,45,156),(145,45,96),(146,46,111),(147,46,109),(148,46,165),(149,46,66),(150,47,138),(151,47,166),(152,47,116),(153,48,89),(154,48,170),(155,48,78),(156,48,82),(157,49,141),(158,49,71),(159,49,66),(160,50,100),(161,50,158),(162,50,91),(163,50,69),(164,51,126),(165,51,169),(166,51,82),(167,52,84),(168,52,77),(169,52,168),(170,52,159),(171,53,140),(172,53,167),(173,53,94),(174,54,105),(175,54,98),(176,54,88),(177,54,81),(178,85,146),(179,85,161),(180,85,69),(181,86,103),(182,86,173),(183,86,78),(184,86,81),(185,87,142),(186,87,83),(187,87,81),(188,88,150),(189,88,119),(190,88,161),(191,88,116),(192,89,144),(193,89,164),(194,89,96),(195,90,117),(196,90,70),(197,90,167),(198,90,96),(199,91,143),(200,91,163),(201,91,82),(202,92,171),(203,92,68),(204,92,166),(205,92,159),(206,93,145),(207,93,160),(208,93,118),(209,94,108),(210,94,67),(211,94,78),(212,94,66),(213,95,121),(214,95,91),(215,95,159),(216,96,89),(217,96,75),(218,96,91),(219,96,118),(220,97,124),(221,97,110),(222,97,66),(223,98,102),(224,98,158),(225,98,169),(226,98,82),(227,99,123),(228,99,165),(229,99,69),(230,100,115),(231,100,104),(232,100,78),(233,100,81),(234,101,125),(235,101,168),(236,101,118),(237,102,111),(238,102,101),(239,102,78),(240,102,96),(241,103,122),(242,103,88),(243,103,81),(244,104,101),(245,104,119),(246,104,78),(247,104,66),(248,105,145),(249,105,160),(250,105,118),(251,106,171),(252,106,68),(253,106,166),(254,106,159),(255,107,146),(256,107,161),(257,107,69),(258,108,150),(259,108,119),(260,108,161),(261,108,116),(262,109,142),(263,109,83),(264,109,81),(265,110,108),(266,110,67),(267,110,78),(268,110,66),(269,111,146),(270,111,161),(271,111,69),(272,112,117),(273,112,70),(274,112,167),(275,112,96),(276,113,143),(277,113,163),(278,113,82),(279,114,103),(280,114,173),(281,114,78),(282,114,81),(283,115,140),(284,115,167),(285,115,94),(286,116,89),(287,116,170),(288,116,78),(289,116,82),(290,117,126),(291,117,169),(292,117,82),(293,118,105),(294,118,98),(295,118,88),(296,118,81),(297,119,141),(298,119,71),(299,119,66),(300,120,100),(301,120,158),(302,120,91),(303,120,69),(304,121,138),(305,121,166),(306,121,116),(307,122,84),(308,122,77),(309,122,168),(310,122,159),(311,123,139),(312,123,156),(313,123,96),(314,124,111),(315,124,109),(316,124,165),(317,124,66),(318,125,141),(319,125,71),(320,125,66),(321,126,111),(322,126,109),(323,126,165),(324,126,66),(325,127,139),(326,127,156),(327,127,96),(328,128,89),(329,128,170),(330,128,78),(331,128,82),(332,129,140),(333,129,167),(334,129,94),(335,130,100),(336,130,158),(337,130,91),(338,130,69),(339,131,126),(340,131,169),(341,131,82),(342,132,105),(343,132,98),(344,132,88),(345,132,81),(346,133,138),(347,133,166),(348,133,116),(349,134,84),(350,134,77),(351,134,168),(352,134,159),(353,145,142),(354,145,83),(355,145,81),(356,146,103),(357,146,173),(358,146,78),(359,146,81),(360,147,145),(361,147,160),(362,147,118),(363,148,117),(364,148,70),(365,148,167),(366,148,96),(367,149,146),(368,149,161),(369,149,69),(370,150,150),(371,150,119),(372,150,161),(373,150,116),(374,151,143),(375,151,163),(376,151,82),(377,152,108),(378,152,67),(379,152,78),(380,152,66),(381,153,144),(382,153,164),(383,153,96),(384,154,171),(385,154,68),(386,154,166),(387,154,159),(388,155,125),(389,155,168),(390,155,118),(391,156,102),(392,156,158),(393,156,169),(394,156,82),(395,157,121),(396,157,91),(397,157,159),(398,158,115),(399,158,104),(400,158,78),(401,158,81),(402,159,124),(403,159,110),(404,159,66),(405,160,111),(406,160,101),(407,160,78),(408,160,96),(409,161,123),(410,161,165),(411,161,69),(412,162,89),(413,162,75),(414,162,91),(415,162,118),(416,163,122),(417,163,88),(418,163,81),(419,164,101),(420,164,119),(421,164,78),(422,164,66),(423,165,146),(424,165,161),(425,165,69),(426,166,117),(427,166,70),(428,166,167),(429,166,96),(430,167,145),(431,167,160),(432,167,118),(433,168,150),(434,168,119),(435,168,161),(436,168,116),(437,169,144),(438,169,164),(439,169,96),(440,170,103),(441,170,173),(442,170,78),(443,170,81),(444,171,143),(445,171,163),(446,171,82),(447,172,171),(448,172,68),(449,172,166),(450,172,159),(451,173,142),(452,173,83),(453,173,81),(454,174,108),(455,174,67),(456,174,78),(457,174,66),(458,175,141),(459,175,71),(460,175,66),(461,176,89),(462,176,170),(463,176,78),(464,176,82),(465,177,140),(466,177,167),(467,177,94),(468,178,100),(469,178,158),(470,178,91),(471,178,69),(472,179,139),(473,179,156),(474,179,96),(475,180,111),(476,180,109),(477,180,165),(478,180,66),(479,181,138),(480,181,166),(481,181,116),(482,182,105),(483,182,98),(484,182,88),(485,182,81),(486,183,126),(487,183,169),(488,183,82),(489,184,84),(490,184,77),(491,184,168),(492,184,159),(493,185,125),(494,185,168),(495,185,118),(496,186,102),(497,186,158),(498,186,169),(499,186,82),(500,187,124),(501,187,110),(502,187,66),(503,188,111),(504,188,101),(505,188,78),(506,188,96),(507,189,123),(508,189,165),(509,189,69),(510,190,115),(511,190,104),(512,190,78),(513,190,81),(514,191,122),(515,191,88),(516,191,81),(517,192,89),(518,192,75),(519,192,91),(520,192,118),(521,193,121),(522,193,91),(523,193,159),(524,194,101),(525,194,119),(526,194,78),(527,194,66),(528,195,142),(529,195,83),(530,195,81),(531,196,108),(532,196,67),(533,196,78),(534,196,66),(535,197,143),(536,197,163),(537,197,82),(538,198,171),(539,198,68),(540,198,166),(541,198,159),(542,199,144),(543,199,164),(544,199,96),(545,200,103),(546,200,173),(547,200,78),(548,200,81),(549,201,145),(550,201,160),(551,201,118),(552,202,150),(553,202,119),(554,202,161),(555,202,116),(556,203,146),(557,203,161),(558,203,69),(559,204,117),(560,204,70),(561,204,167),(562,204,96),(563,205,141),(564,205,71),(565,205,66),(566,206,89),(567,206,170),(568,206,78),(569,206,82),(570,207,140),(571,207,167),(572,207,94),(573,208,100),(574,208,158),(575,208,91),(576,208,69),(577,209,139),(578,209,156),(579,209,96),(580,210,111),(581,210,109),(582,210,165),(583,210,66),(584,211,138),(585,211,166),(586,211,116),(587,212,105),(588,212,98),(589,212,88),(590,212,81),(591,213,126),(592,213,169),(593,213,82),(594,214,84),(595,214,77),(596,214,168),(597,214,159),(598,215,123),(599,215,165),(600,215,69),(601,216,115),(602,216,104),(603,216,78),(604,216,81),(605,217,121),(606,217,91),(607,217,159),(608,218,101),(609,218,119),(610,218,78),(611,218,66),(612,219,122),(613,219,88),(614,219,81),(615,220,89),(616,220,75),(617,220,91),(618,220,118),(619,221,124),(620,221,110),(621,221,66),(622,222,111),(623,222,101),(624,222,78),(625,222,96),(626,223,125),(627,223,168),(628,223,118),(629,224,102),(630,224,158),(631,224,169),(632,224,82),(633,225,126),(634,225,169),(635,225,82),(636,226,84),(637,226,77),(638,226,168),(639,226,159),(640,227,138),(641,227,166),(642,227,116),(643,228,105),(644,228,98),(645,228,88),(646,228,81),(647,229,139),(648,229,156),(649,229,96),(650,230,111),(651,230,109),(652,230,165),(653,230,66),(654,231,140),(655,231,167),(656,231,94),(657,232,100),(658,232,158),(659,232,91),(660,232,69),(661,233,141),(662,233,71),(663,233,66),(664,234,89),(665,234,170),(666,234,78),(667,234,82),(668,235,146),(669,235,161),(670,235,69),(671,236,117),(672,236,70),(673,236,167),(674,236,96),(675,237,145),(676,237,160),(677,237,118),(678,238,150),(679,238,119),(680,238,161),(681,238,116),(682,239,142),(683,239,83),(684,239,81),(685,240,108),(686,240,67),(687,240,78),(688,240,66),(689,241,143),(690,241,163),(691,241,82),(692,242,171),(693,242,68),(694,242,166),(695,242,159),(696,243,144),(697,243,164),(698,243,96),(699,244,103),(700,244,173),(701,244,78),(702,244,81),(703,245,126),(704,245,169),(705,245,82),(706,246,84),(707,246,77),(708,246,168),(709,246,159),(710,247,141),(711,247,71),(712,247,66),(713,248,89),(714,248,170),(715,248,78),(716,248,82),(717,249,138),(718,249,166),(719,249,116),(720,250,105),(721,250,98),(722,250,88),(723,250,81),(724,251,139),(725,251,156),(726,251,96),(727,252,111),(728,252,109),(729,252,165),(730,252,66),(731,253,125),(732,253,168),(733,253,118),(734,254,102),(735,254,158),(736,254,169),(737,254,82),(738,255,124),(739,255,110),(740,255,66),(741,256,111),(742,256,101),(743,256,78),(744,256,96),(745,257,123),(746,257,165),(747,257,69),(748,258,115),(749,258,104),(750,258,78),(751,258,81),(752,259,122),(753,259,88),(754,259,81),(755,260,89),(756,260,75),(757,260,91),(758,260,118),(759,261,121),(760,261,91),(761,261,159),(762,262,101),(763,262,119),(764,262,78),(765,262,66),(766,263,142),(767,263,83),(768,263,81),(769,264,108),(770,264,67),(771,264,78),(772,264,66);
/*!40000 ALTER TABLE `menu_dishes` ENABLE KEYS */;
UNLOCK TABLES;

--
-- Table structure for table `menu_type`
--

DROP TABLE IF EXISTS `menu_type`;
/*!40101 SET @saved_cs_client     = @@character_set_client */;
/*!40101 SET character_set_client = utf8 */;
CREATE TABLE `menu_type` (
  `type_code` int(11) NOT NULL AUTO_INCREMENT,
  `name` varchar(15) NOT NULL,
  PRIMARY KEY (`type_code`)
) ENGINE=InnoDB AUTO_INCREMENT=7 DEFAULT CHARSET=utf8;
/*!40101 SET character_set_client = @saved_cs_client */;

--
-- Dumping data for table `menu_type`
--

LOCK TABLES `menu_type` WRITE;
/*!40000 ALTER TABLE `menu_type` DISABLE KEYS */;
INSERT INTO `menu_type` VALUES (1,'завтрак'),(2,'обед'),(3,'полдник');
/*!40000 ALTER TABLE `menu_type` ENABLE KEYS */;
UNLOCK TABLES;

--
-- Table structure for table `parent`
--

DROP TABLE IF EXISTS `parent`;
/*!40101 SET @saved_cs_client     = @@character_set_client */;
/*!40101 SET character_set_client = utf8 */;
CREATE TABLE `parent` (
  `parent_id` int(11) NOT NULL AUTO_INCREMENT,
  `fio` varchar(100) NOT NULL,
  PRIMARY KEY (`parent_id`)
) ENGINE=InnoDB AUTO_INCREMENT=89 DEFAULT CHARSET=utf8;
/*!40101 SET character_set_client = @saved_cs_client */;

--
-- Dumping data for table `parent`
--

LOCK TABLES `parent` WRITE;
/*!40000 ALTER TABLE `parent` DISABLE KEYS */;
INSERT INTO `parent` VALUES (1,'Калинина Валерия Альбертовна'),(2,'Мамышев Геннадий Михайлович'),(3,'Хоменко Виктория Александровна'),(4,'Недыхалова Юлия Евгеньевна '),(5,'Ефимова Наталья Владимировна'),(6,'Лукьянчикова Анастасия Анатольевна'),(7,'Деречик Александра Игоревна'),(8,'Мустафина Светлана Александровна'),(9,'Шатровская Мария Алексеевна'),(10,'Лелюх Светлана Олеговна'),(11,'Спиридонова Татьяна Михайловна'),(12,'Елисеева Анастасия Александровна'),(13,'Шафигулина Галина Михайловна'),(14,'Базаров Евгений Иванович'),(15,'Гриб Антонина Валерьевна'),(16,'Аитова Нина Федоровна'),(17,'Лубарева Оксана Дмитриевна'),(18,'Долбина Людмила Александровна'),(19,'Глухова Елена Вячеславовна'),(20,'Гайнуллина Диана Николаевна'),(21,'Бурцева Екатерина Дмитриевна'),(22,'Булгакова Анастасия Дмитриевна'),(23,'Белоусова Надежда Петровна'),(24,'Балаваева Алия Бакировна'),(25,'Новоселов Артем Олегович'),(26,'Мугалимова Елена Витальевна'),(27,'Мазанова Александра Михайловна'),(28,'Лукьянчук Светлана Анатольевна'),(29,'Литвинова Алла Михайловна'),(30,'Лактаева Марина Сергеевна'),(31,'Кудрявцева Анна Ивановна'),(32,'Красильникова Елена Александровна'),(33,'Косицина Татьяна Петровна'),(34,'Былкова Юлия Андреевна'),(35,'Быданова Мария Ивановна'),(36,'Бердыш Алина Вадимовна'),(37,'Белякина Анжела Игоревна'),(38,'Бачурихина Ангелина Юрьевна'),(39,'Аношин Анатолий Иванович'),(40,'Алашеева Инесса Николаевна'),(41,'Антонова Александра Дмитриевна'),(42,'Богданова Тамара Ивановна'),(43,'Титова Ксения Александровна'),(44,'Порох Никита Александрович'),(45,'Ефремова Анастасия Владимировна'),(46,'Кузнецова Ольга Дмитриевна'),(47,'Попова Маргарита Александровна'),(48,'Фролова Мария Юрьевна'),(49,'Абрамова Ирина Петровна'),(50,'Воробьева Александра Анатольевна'),(51,'Давыдова Юлия Сергеевна'),(52,'Уварова Евгения Александровна'),(53,'Саенко Наталья Вениаминовна'),(54,'Филь Елена Эдуардовна'),(55,'Королькова Ирина Васильевна'),(56,'Шафоростова Анастасия Дмитриевна'),(57,'Рыбак Александр Олегович'),(58,'Громова Виктория Александровна'),(59,'Барсукова Наталья Владимировна'),(60,'Судаков Олег Николаевич'),(61,'Глызь Анастасия Вячеславовна'),(62,'Хмельницкая Ольга Георгиевна'),(63,'Побединская Светлана Ивановна'),(64,'Свешникова Вероника Алексеевна'),(65,'Троицкая Людмила Николаевна'),(66,'Волошина Наталья Борисовна'),(67,'Худякова Марина Артуровна'),(68,'Захарчук Елена Валерьевна'),(69,'Акулова Татьяна Викторовна'),(70,'Поликарпов Алексей Юрьевич'),(71,'Олейникова Полина Дмитриевна'),(72,'Суслова Елизавета Петровна'),(73,'Молчанова Снежана Олеговна'),(74,'Черных Светлана Павловна'),(75,'Астафьева Ирина Алексеевна'),(76,'Ткаченко Евгения Александровна'),(77,'Ежов Павел Яковлевич'),(78,'Вишневская Екатерина Дмитриевна'),(79,'Кондрашова Александра Николаевна'),(80,'Жарова Регина Сергеевна'),(81,'Зайцева София Ивановна'),(82,'Евдокимова Валерия Вячеславовна'),(83,'Гордеева Наталья Васильевна'),(84,'Малов Георгий Вадимович'),(85,'Андреева Евгения Михайловна'),(86,'Яковлев Александр Григорьевич'),(87,'Цветкова Наталья Дмитриевна'),(88,'Никольский Юрий Альбертович');
/*!40000 ALTER TABLE `parent` ENABLE KEYS */;
UNLOCK TABLES;

--
-- Table structure for table `payment`
--

DROP TABLE IF EXISTS `payment`;
/*!40101 SET @saved_cs_client     = @@character_set_client */;
/*!40101 SET character_set_client = utf8 */;
CREATE TABLE `payment` (
  `payment_id` int(11) NOT NULL AUTO_INCREMENT,
  `bank` varchar(50) NOT NULL,
  `sum` int(15) NOT NULL,
  `date_commission` date NOT NULL,
  `person_account` varchar(15) DEFAULT NULL,
  `accountant_pn` int(11) DEFAULT NULL,
  `parent_id` int(11) NOT NULL,
  PRIMARY KEY (`payment_id`),
  KEY `payment_fk0` (`person_account`),
  KEY `payment_fk1` (`accountant_pn`),
  KEY `payment_fk2` (`parent_id`),
  CONSTRAINT `payment_fk1` FOREIGN KEY (`accountant_pn`) REFERENCES `accountant` (`personnel_number`) ON DELETE SET NULL ON UPDATE CASCADE,
  CONSTRAINT `payment_fk2` FOREIGN KEY (`parent_id`) REFERENCES `parent` (`parent_id`) ON DELETE CASCADE ON UPDATE CASCADE
) ENGINE=InnoDB AUTO_INCREMENT=41 DEFAULT CHARSET=utf8;
/*!40101 SET character_set_client = @saved_cs_client */;

--
-- Dumping data for table `payment`
--

LOCK TABLES `payment` WRITE;
/*!40000 ALTER TABLE `payment` DISABLE KEYS */;
INSERT INTO `payment` VALUES (1,'ВОЛГО-ВЯТСКИЙ БАНК ПАО СБЕРБАНК',800,'2017-09-02','630000172017021',624478,20),(2,'ВОЛГО-ВЯТСКИЙ БАНК ПАО СБЕРБАНК',500,'2017-10-01','630000172017021',624478,20),(3,'ВОЛГО-ВЯТСКИЙ БАНК ПАО СБЕРБАНК',400,'2017-11-07','630000172017021',624478,20),(4,'ВОЛГО-ВЯТСКИЙ БАНК ПАО СБЕРБАНК',1400,'2018-02-02','630000172017021',624478,20),(5,'ВОЛГО-ВЯТСКИЙ БАНК ПАО СБЕРБАНК',500,'2018-03-05','630000172017021',624478,20),(6,'ВОЛГО-ВЯТСКИЙ БАНК ПАО СБЕРБАНК',550,'2018-04-01','630000172017021',624478,20),(17,'ОАО \"СБЕРБАНК РОССИИ\" в городе МОСКВА',1100,'2017-09-01','630000912017003',624478,3),(18,'ОАО \"СБЕРБАНК РОССИИ\" в городе МОСКВА',1000,'2017-10-01','630000912017003',624478,3),(19,'ОАО \"СБЕРБАНК РОССИИ\" в городе МОСКВА',1200,'2017-11-05','630000912017003',624478,3),(20,'ОАО \"СБЕРБАНК РОССИИ\" в городе МОСКВА',300,'2017-12-06','630000912017003',624478,3),(21,'ОАО \"СБЕРБАНК РОССИИ\" в городе МОСКВА',300,'2017-02-02','630000912017003',624478,3),(22,'ОАО \"СБЕРБАНК РОССИИ\" в городе МОСКВА',300,'2017-03-11','630000912017003',624478,3),(23,'ЗАО \"КОШЕЛЕВ-БАНК\"',1500,'2017-08-27','630000912017004',624478,4),(24,'ЗАО \"КОШЕЛЕВ-БАНК\"',500,'2017-10-01','630000912017004',624478,4),(25,'ЗАО \"КОШЕЛЕВ-БАНК\"',500,'2017-11-01','630000912017004',624478,4),(26,'ЗАО \"КОШЕЛЕВ-БАНК\"',1000,'2017-12-02','630000912017004',624478,4),(27,'ЗАО \"КОШЕЛЕВ-БАНК\"',500,'2018-01-21','630000912017004',624478,4),(28,'ЗАО \"КОШЕЛЕВ-БАНК\"',300,'2018-02-21','630000912017004',624478,4),(29,'ЗАО \"КОШЕЛЕВ-БАНК\"',1500,'2017-08-27','630000912017005',624478,4),(30,'ЗАО \"КОШЕЛЕВ-БАНК\"',660,'2017-09-01','630000912017005',624478,4),(31,'ЗАО \"КОШЕЛЕВ-БАНК\"',300,'2017-10-01','630000912017005',624478,4),(32,'ЗАО \"КОШЕЛЕВ-БАНК\"',300,'2018-01-16','630000912017005',624478,4),(33,'ЗАО АКБ \"ГАЗБАНК\"',2000,'2017-09-01','630000912017009',624478,8),(34,'ЗАО АКБ \"ГАЗБАНК\"',600,'2017-10-05','630000912017009',624478,8),(35,'ЗАО АКБ \"ГАЗБАНК\"',600,'2017-12-05','630000912017009',624478,8),(36,'ЗАО АКБ \"ГАЗБАНК\"',530,'2018-02-02','630000912017009',624478,8),(37,'ПАО АКБ \"АВАНГАРД\"',2100,'2017-09-01','630000912017026',624478,25),(38,'ПАО АКБ \"АВАНГАРД\"',1000,'2017-10-02','630000912017026',624478,25),(39,'ПАО АКБ \"АВАНГАРД\"',800,'2018-11-03','630000912017026',624478,25),(40,'ПАО АКБ \"АВАНГАРД\"',400,'2018-12-05','630000912017026',624478,25);
/*!40000 ALTER TABLE `payment` ENABLE KEYS */;
UNLOCK TABLES;

--
-- Table structure for table `person`
--

DROP TABLE IF EXISTS `person`;
/*!40101 SET @saved_cs_client     = @@character_set_client */;
/*!40101 SET character_set_client = utf8 */;
CREATE TABLE `person` (
  `person_account` varchar(15) NOT NULL,
  `lname` varchar(20) NOT NULL,
  `fname` varchar(20) NOT NULL,
  `mname` varchar(20) NOT NULL,
  `balance` int(20) NOT NULL,
  `parent_id` int(11) NOT NULL,
  `tin_school` int(11) NOT NULL,
  PRIMARY KEY (`person_account`),
  KEY `person_fk0` (`parent_id`),
  KEY `person_fk1` (`tin_school`),
  CONSTRAINT `person_fk0` FOREIGN KEY (`parent_id`) REFERENCES `parent` (`parent_id`),
  CONSTRAINT `person_fk1` FOREIGN KEY (`tin_school`) REFERENCES `school` (`tin`)
) ENGINE=InnoDB DEFAULT CHARSET=utf8;
/*!40101 SET character_set_client = @saved_cs_client */;

--
-- Dumping data for table `person`
--

LOCK TABLES `person` WRITE;
/*!40000 ALTER TABLE `person` DISABLE KEYS */;
INSERT INTO `person` VALUES ('630000172017008','Деречик','Александра','Анатольевна',400,7,1944782303),('630000172017013','Елисеева','Анна','Петровна',620,12,1944782303),('630000172017020','Глухова ','Юлия','Николаевна',550,19,1944782303),('630000172017021','Гайнуллина','Инга','Игоревна',480,20,1944782303),('630000172017028','Мазанова','Анастасия','Витальевна',300,27,1944782303),('630000172017034','Косицин','Валерий','Сергеевич',450,33,1944782303),('630000172017039','Бачурихина','Анастасия','Сергеевна',520,38,1944782303),('630000172017040','Аношина','Светлана','Анатольевна',550,39,1944782303),('630000172017045','Порох','Юрий','Никитич',720,44,1944782303),('630000172017049','Фролов','Игорь','Степанович',350,48,1944782303),('630000172017058','Рыбак','Антон','Иванович',330,57,1944782303),('630000172017060','Барсуков','Николай','Алексеевич',930,59,1944782303),('630000172017065','Свешников','Николай','Алексеевич',750,64,1944782303),('630000172017069','Захарчук','Виталий','Альбертович',570,68,1944782303),('630000172017070','Акулова','Ирина','Владимировна',310,69,1944782303),('630000172017076','Черных','Вера','Степановна',610,74,1944782303),('630000172017082','Жаров','Федор','Вячеславович',320,80,1944782303),('630000172017087','Андреев','Александр','Дмитриевич',320,85,1944782303),('630000172017090','Никольский','Сергей','Александрович',440,88,1944782303),('630000502017012','Спиридонова','Татьяна','Владимировна',1050,11,1505474166),('630000502017015','Базарова','Наталья','Евгеньевна',870,14,1505474166),('630000502017016','Гриб','Людмила','Михайловна',350,15,1505474166),('630000502017024','Белоусова','Елена','Владимировна',390,23,1505474166),('630000502017032','Кудрявцев','Андрей','Иванович',950,31,1505474166),('630000502017033','Красильникова','Анастасия','Вячеславовна',320,32,1505474166),('630000502017036','Быданова','Марина','Владимировна',440,35,1505474166),('630000502017037','Бердыш','Галина','Германовна',650,36,1505474166),('630000502017043','Богданов','Иван','Олегович',480,42,1505474166),('630000502017044','Титов','Михаил','Егорович',520,43,1505474166),('630000502017051','Воробьев','Александр','Иванович',950,50,1505474166),('630000502017052','Давыдов','Егор','Алексеевич',620,51,1505474166),('630000502017053','Уварова','Анастасия','Дмитриевна',520,52,1505474166),('630000502017066','Троицкий','Иван','Леонидович',360,65,1505474166),('630000502017067','Волошина','Валентина','Михайловна',400,66,1505474166),('630000502017073','Суслов','Матвей','Юрьевич',580,72,1505474166),('630000502017080','Вишневская','Галина','Владимировна',460,78,1505474166),('630000502017083','Зайцева','Карина','Степановна',230,81,1505474166),('630000502017084','Евдокимов','Сергей','Станиславович',250,82,1505474166),('630000882017006','Ефимов','Егор','Леонидович',520,5,1999123459),('630000882017007','Лукьянчиков','Дмитрий','Иванович',800,6,1999123459),('630000882017018','Лубарева','Марина','Олеговна',910,17,1999123459),('630000882017022','Бурцева','Ирина','Владимировна',890,21,1999123459),('630000882017023','Булгакова','Юлия','Павловна',500,22,1999123459),('630000882017031','Лактаев','Михаил','Михайлович',400,30,1999123459),('630000882017035','Былкова','Ирина','Михайловна',920,34,1999123459),('630000882017041','Алашеева','Татьяна','Борисовна',650,40,1999123459),('630000882017042','Антонов','Андрей','Иванович',700,41,1999123459),('630000882017050','Абрамов','Владимир','Николаевич',610,49,1999123459),('630000882017054','Саенко','Иван','Анатольевич',470,53,1999123459),('630000882017055','Филь','Юрий','Владимирович',360,54,1999123459),('630000882017056','Корольков','Михаил','Александрович',370,55,1999123459),('630000882017068','Худякова','Елена','Васильевна',710,67,1999123459),('630000882017074','Молчанова','Юлия','Николаевна',420,73,1999123459),('630000882017075','Молчанов','Игорь','Николаевич',350,73,1999123459),('630000882017085','Гордеев','Александр','Филиппович',400,83,1999123459),('630000882017086','Малов','Михаил','Борисович',300,84,1999123459),('630000902017001','Калинина','Ангелина','Александровна',1200,1,1482847102),('630000902017002','Мамышева','Динара','Геннадьевна',900,2,1482847102),('630000902017010','Шатровский','Александр','Леонидович',950,9,1482847102),('630000902017011','Лелюх','Галина','Алексеевна',500,10,1482847102),('630000902017014','Шафигулина','Мария','Александровна',540,13,1482847102),('630000902017017','Аитова','Анастасия ','Владимировна',640,16,1482847102),('630000902017019','Долбина','Ольга','Григорьевна',730,18,1482847102),('630000902017025','Балаваева','Айганым','Хабдуловна',420,24,1482847102),('630000902017029','Лукьянчук','Наталья','Степановна',460,28,1482847102),('630000902017030','Литвинова','Мария','Владимировна',530,29,1482847102),('630000902017057','Шафоростов','Денис','Александрович',660,56,1482847102),('630000902017061','Судакова','Евгения','Олеговна',520,60,1482847102),('630000902017064','Побединский','Дмитрий','Александрович',510,63,1482847102),('630000902017071','Поликарпов','Владислав','Алексеевич',270,70,1482847102),('630000902017079','Ежов','Егор','Павлович',350,77,1482847102),('630000902017081','Кондрашов','Петр','Семенович',460,79,1482847102),('630000902017088','Яковлев','Игорь','Александрович',450,86,1482847102),('630000912017003','Хоменко','Василиса','Александровна',1000,3,1381302413),('630000912017004','Недыхалов','Семен','Геннадьевич',770,4,1381302413),('630000912017005','Недыхалов','Артемий','Геннадьевич',690,4,1381302413),('630000912017009','Мустафина ','Наталья','Ивановна',430,8,1381302413),('630000912017026','Новоселов','Михаил','Артемович',790,25,1381302413),('630000912017027','Мугалимова','Евгения','Руслановна',670,26,1381302413),('630000912017038','Белякина','Анна','Александровна',310,37,1381302413),('630000912017046','Ефремов','Дмитрий','Леонидович',410,45,1381302413),('630000912017047','Кузнецов','Георгий','Иванович',920,46,1381302413),('630000912017048','Попов','Александр','Георгиевич',430,47,1381302413),('630000912017059','Громов','Александр','Николаевич',250,58,1381302413),('630000912017062','Глызь','Александр','Евгеньевич',290,61,1381302413),('630000912017063','Хмельницкая','Юлия','Владимировна',460,62,1381302413),('630000912017072','Олейникова','Евгения','Анатольевна',340,71,1381302413),('630000912017077','Астафьева','Дарья','Владиславовна',390,75,1381302413),('630000912017078','Ткаченко','Екатерина','Федоровна',410,76,1381302413),('630000912017089','Цветкова','Елизавета','Петровна',250,87,1381302413);
/*!40000 ALTER TABLE `person` ENABLE KEYS */;
UNLOCK TABLES;

--
-- Table structure for table `rate`
--

DROP TABLE IF EXISTS `rate`;
/*!40101 SET @saved_cs_client     = @@character_set_client */;
/*!40101 SET character_set_client = utf8 */;
CREATE TABLE `rate` (
  `rate_id` int(11) NOT NULL AUTO_INCREMENT,
  `year` char(4) NOT NULL,
  `month` varchar(10) NOT NULL,
  `sum` varchar(10) NOT NULL,
  `person_account` varchar(15) NOT NULL,
  PRIMARY KEY (`rate_id`),
  KEY `rate_fk1_idx` (`person_account`),
  CONSTRAINT `rate_fk1` FOREIGN KEY (`person_account`) REFERENCES `person` (`person_account`) ON DELETE CASCADE ON UPDATE CASCADE
) ENGINE=InnoDB AUTO_INCREMENT=70 DEFAULT CHARSET=utf8;
/*!40101 SET character_set_client = @saved_cs_client */;

--
-- Dumping data for table `rate`
--

LOCK TABLES `rate` WRITE;
/*!40000 ALTER TABLE `rate` DISABLE KEYS */;
INSERT INTO `rate` VALUES (1,'2017','Сентябрь','420','630000172017021'),(2,'2017','Октябрь','500','630000172017021'),(3,'2017','Ноябрь','400','630000172017021'),(4,'2017','Декабрь','350','630000172017021'),(5,'2018','Февраль','450','630000172017021'),(6,'2018','Март','490','630000172017021'),(7,'2018','Апрель','560','630000172017021'),(8,'2018','Май','470','630000172017021'),(9,'2017','Сентябрь','400','630000912017003'),(10,'2017','Октябрь','410','630000912017003'),(11,'2017','Ноябрь','400','630000912017003'),(12,'2017','Декабрь','390','630000912017003'),(13,'2018','Февраль','330','630000912017003'),(14,'2018','Март','420','630000912017003'),(15,'2018','Апрель','450','630000912017003'),(16,'2018','Май','400','630000912017003'),(38,'2017','Сентябрь','400','630000912017004'),(39,'2017','Октябрь','500','630000912017004'),(40,'2017','Ноябрь','510','630000912017004'),(41,'2017','Декабрь','410','630000912017004'),(42,'2018','Февраль','500','630000912017004'),(43,'2018','Март','360','630000912017004'),(44,'2018','Апрель','430','630000912017004'),(45,'2018','Май','420','630000912017004'),(46,'2017','Сентябрь','500','630000912017005'),(47,'2017','Октябрь','430','630000912017005'),(48,'2017','Ноябрь','420','630000912017005'),(49,'2017','Декабрь','390','630000912017005'),(50,'2018','Февраль','430','630000912017005'),(51,'2018','Март','500','630000912017005'),(52,'2018','Апрель','380','630000912017005'),(53,'2018','Май','400','630000912017005'),(54,'2017','Сентябрь','450','630000912017009'),(55,'2017','Октябрь','350','630000912017009'),(56,'2017','Ноябрь','400','630000912017009'),(57,'2017','Декабрь','420','630000912017009'),(58,'2018','Февраль','420','630000912017009'),(59,'2018','Март','430','630000912017009'),(60,'2018','Апрель','400','630000912017009'),(61,'2018','Май','300','630000912017009'),(62,'2017','Сентябрь','390','630000912017026'),(63,'2017','Октябрь','400','630000912017026'),(64,'2017','Ноябрь','420','630000912017026'),(65,'2017','Декабрь','430','630000912017026'),(66,'2018','Февраль','490','630000912017026'),(67,'2018','Март','500','630000912017026'),(68,'2018','Апрель','450','630000912017026'),(69,'2018','Май','430','630000912017026');
/*!40000 ALTER TABLE `rate` ENABLE KEYS */;
UNLOCK TABLES;

--
-- Table structure for table `responsible`
--

DROP TABLE IF EXISTS `responsible`;
/*!40101 SET @saved_cs_client     = @@character_set_client */;
/*!40101 SET character_set_client = utf8 */;
CREATE TABLE `responsible` (
  `personnel_number` int(11) NOT NULL,
  `fio` varchar(100) NOT NULL,
  PRIMARY KEY (`personnel_number`)
) ENGINE=InnoDB DEFAULT CHARSET=utf8;
/*!40101 SET character_set_client = @saved_cs_client */;

--
-- Dumping data for table `responsible`
--

LOCK TABLES `responsible` WRITE;
/*!40000 ALTER TABLE `responsible` DISABLE KEYS */;
INSERT INTO `responsible` VALUES (612456,'Артюхина Надежда Константиновна');
/*!40000 ALTER TABLE `responsible` ENABLE KEYS */;
UNLOCK TABLES;

--
-- Table structure for table `school`
--

DROP TABLE IF EXISTS `school`;
/*!40101 SET @saved_cs_client     = @@character_set_client */;
/*!40101 SET character_set_client = utf8 */;
CREATE TABLE `school` (
  `tin` int(11) NOT NULL,
  `name` varchar(30) NOT NULL,
  `type_code` int(11) NOT NULL,
  `contract_id` int(11) NOT NULL,
  PRIMARY KEY (`tin`),
  KEY `school_fk0` (`type_code`),
  KEY `school_fk1` (`contract_id`),
  CONSTRAINT `school_fk0` FOREIGN KEY (`type_code`) REFERENCES `school_type` (`type_code`) ON DELETE CASCADE ON UPDATE CASCADE,
  CONSTRAINT `school_fk1` FOREIGN KEY (`contract_id`) REFERENCES `lease_contract` (`contract_id`) ON DELETE CASCADE ON UPDATE CASCADE
) ENGINE=InnoDB DEFAULT CHARSET=utf8;
/*!40101 SET character_set_client = @saved_cs_client */;

--
-- Dumping data for table `school`
--

LOCK TABLES `school` WRITE;
/*!40000 ALTER TABLE `school` DISABLE KEYS */;
INSERT INTO `school` VALUES (1381302413,'Лицей №91',5,630013),(1482847102,'Школа №90',2,630015),(1505474166,'Школа №50',2,630012),(1944782303,'Школа №17',2,630016),(1999123459,'Гимназия №88',4,630014);
/*!40000 ALTER TABLE `school` ENABLE KEYS */;
UNLOCK TABLES;

--
-- Table structure for table `school_type`
--

DROP TABLE IF EXISTS `school_type`;
/*!40101 SET @saved_cs_client     = @@character_set_client */;
/*!40101 SET character_set_client = utf8 */;
CREATE TABLE `school_type` (
  `type_code` int(11) NOT NULL AUTO_INCREMENT,
  `name` varchar(50) NOT NULL,
  PRIMARY KEY (`type_code`)
) ENGINE=InnoDB AUTO_INCREMENT=6 DEFAULT CHARSET=utf8;
/*!40101 SET character_set_client = @saved_cs_client */;

--
-- Dumping data for table `school_type`
--

LOCK TABLES `school_type` WRITE;
/*!40000 ALTER TABLE `school_type` DISABLE KEYS */;
INSERT INTO `school_type` VALUES (2,'средняя общеобразовательная школа'),(3,'специализированная школа'),(4,'гимназия'),(5,'лицей');
/*!40000 ALTER TABLE `school_type` ENABLE KEYS */;
UNLOCK TABLES;

--
-- Table structure for table `statement`
--

DROP TABLE IF EXISTS `statement`;
/*!40101 SET @saved_cs_client     = @@character_set_client */;
/*!40101 SET character_set_client = utf8 */;
CREATE TABLE `statement` (
  `statement_id` int(11) NOT NULL AUTO_INCREMENT,
  `date` date NOT NULL,
  `menu_id` int(11) NOT NULL,
  `responsible_pn` int(11) DEFAULT NULL,
  PRIMARY KEY (`statement_id`),
  KEY `statement_fk0` (`menu_id`),
  KEY `statement_fk1` (`responsible_pn`),
  CONSTRAINT `statement_fk0` FOREIGN KEY (`menu_id`) REFERENCES `menu` (`menu_id`) ON DELETE CASCADE ON UPDATE CASCADE,
  CONSTRAINT `statemnet_fk0` FOREIGN KEY (`responsible_pn`) REFERENCES `responsible` (`personnel_number`) ON DELETE SET NULL ON UPDATE CASCADE
) ENGINE=InnoDB DEFAULT CHARSET=utf8;
/*!40101 SET character_set_client = @saved_cs_client */;

--
-- Dumping data for table `statement`
--

LOCK TABLES `statement` WRITE;
/*!40000 ALTER TABLE `statement` DISABLE KEYS */;
/*!40000 ALTER TABLE `statement` ENABLE KEYS */;
UNLOCK TABLES;

--
-- Table structure for table `statement_person`
--

DROP TABLE IF EXISTS `statement_person`;
/*!40101 SET @saved_cs_client     = @@character_set_client */;
/*!40101 SET character_set_client = utf8 */;
CREATE TABLE `statement_person` (
  `id` int(11) NOT NULL AUTO_INCREMENT,
  `statment_id` int(11) NOT NULL,
  `person_account` varchar(15) DEFAULT NULL,
  PRIMARY KEY (`id`),
  KEY `statement_person_fk0` (`statment_id`),
  KEY `statement_person_fk1` (`person_account`),
  CONSTRAINT `statement_person_fk0` FOREIGN KEY (`statment_id`) REFERENCES `statement` (`statement_id`)
) ENGINE=InnoDB DEFAULT CHARSET=utf8;
/*!40101 SET character_set_client = @saved_cs_client */;

--
-- Dumping data for table `statement_person`
--

LOCK TABLES `statement_person` WRITE;
/*!40000 ALTER TABLE `statement_person` DISABLE KEYS */;
/*!40000 ALTER TABLE `statement_person` ENABLE KEYS */;
UNLOCK TABLES;

--
-- Table structure for table `users`
--

DROP TABLE IF EXISTS `users`;
/*!40101 SET @saved_cs_client     = @@character_set_client */;
/*!40101 SET character_set_client = utf8 */;
CREATE TABLE `users` (
  `user_id` int(11) NOT NULL AUTO_INCREMENT,
  `login` varchar(20) NOT NULL,
  `password` varchar(150) NOT NULL,
  `email` varchar(45) NOT NULL,
  `fname` varchar(45) NOT NULL,
  `role` varchar(45) NOT NULL,
  PRIMARY KEY (`user_id`)
) ENGINE=InnoDB AUTO_INCREMENT=2 DEFAULT CHARSET=utf8;
/*!40101 SET character_set_client = @saved_cs_client */;

--
-- Dumping data for table `users`
--

LOCK TABLES `users` WRITE;
/*!40000 ALTER TABLE `users` DISABLE KEYS */;
INSERT INTO `users` VALUES (1,'admin','b6df562d13366cac6f2939257e9d7dca','admin@kombinat.com','Никита','1');
/*!40000 ALTER TABLE `users` ENABLE KEYS */;
UNLOCK TABLES;
/*!40103 SET TIME_ZONE=@OLD_TIME_ZONE */;

/*!40101 SET SQL_MODE=@OLD_SQL_MODE */;
/*!40014 SET FOREIGN_KEY_CHECKS=@OLD_FOREIGN_KEY_CHECKS */;
/*!40014 SET UNIQUE_CHECKS=@OLD_UNIQUE_CHECKS */;
/*!40101 SET CHARACTER_SET_CLIENT=@OLD_CHARACTER_SET_CLIENT */;
/*!40101 SET CHARACTER_SET_RESULTS=@OLD_CHARACTER_SET_RESULTS */;
/*!40101 SET COLLATION_CONNECTION=@OLD_COLLATION_CONNECTION */;
/*!40111 SET SQL_NOTES=@OLD_SQL_NOTES */;

-- Dump completed on 2018-04-24 19:53:54
